27-Feb-24;BUMIMULIA INDAH LESTARI, PT;PON24000577;85.000;85.000;PWD.067.043342001;Tube Shinzu'I Facial Wash Snow Mushroom 80ml+20ml + Tutup New;40.964;26-Feb-24;JADWAL
27-Feb-24;BUMIMULIA INDAH LESTARI, PT;PON24000577;85.000;85.000;PWD.067.043342001;Tube Shinzu'I Facial Wash Snow Mushroom 80ml+20ml + Tutup New;10.000;29-Feb-24;JADWAL
27-Feb-24;BUMIMULIA INDAH LESTARI, PT;PON24000577;85.000;85.000;PWD.067.043342001;Tube Shinzu'I Facial Wash Snow Mushroom 80ml+20ml + Tutup New;10.000;29-Feb-24;JADWAL
27-Feb-24;BUMIMULIA INDAH LESTARI, PT;PON24000577;85.000;85.000;PWD.067.043342001;Tube Shinzu'I Facial Wash Snow Mushroom 80ml+20ml + Tutup New;10.000;29-Feb-24;JADWAL
27-Feb-24;BUMIMULIA INDAH LESTARI, PT;PON24000577;85.000;85.000;PWD.067.043342001;Tube Shinzu'I Facial Wash Snow Mushroom 80ml+20ml + Tutup New;14.036;02-Mar-24;JADWAL
27-Feb-24;BUMIMULIA INDAH LESTARI, PT;PON24000486;70.000;70.000;PWD.067.043342001;Tube Shinzu'I Facial Wash Snow Mushroom 80ml+20ml + Tutup New;5.964;02-Mar-24;JADWAL
27-Feb-24;BUMIMULIA INDAH LESTARI, PT;PON24000486;70.000;70.000;PWD.067.043342001;Tube Shinzu'I Facial Wash Snow Mushroom 80ml+20ml + Tutup New;30.000;06-Mar-24;JADWAL
27-Feb-24;BUMIMULIA INDAH LESTARI, PT;PON24000486;70.000;70.000;PWD.067.043342001;Tube Shinzu'I Facial Wash Snow Mushroom 80ml+20ml + Tutup New;30.000;09-Mar-24;JADWAL
27-Feb-24;BUMIMULIA INDAH LESTARI, PT;PON24000486;70.000;70.000;PWD.067.043342001;Tube Shinzu'I Facial Wash Snow Mushroom 80ml+20ml + Tutup New;4.036;14-Mar-24;JADWAL
27-Feb-24;BUMIMULIA INDAH LESTARI, PT; PON24000487 ;170.000;170.000;PWD.067.043342001;Tube Shinzu'I Facial Wash Snow Mushroom 80ml+20ml + Tutup New;25.964;14-Mar-24;JADWAL
27-Feb-24;BUMIMULIA INDAH LESTARI, PT; PON24000487 ;170.000;170.000;PWD.067.043342001;Tube Shinzu'I Facial Wash Snow Mushroom 80ml+20ml + Tutup New;30.000;18-Mar-24;JADWAL
27-Feb-24;BUMIMULIA INDAH LESTARI, PT; PON24000487 ;170.000;170.000;PWD.067.043342001;Tube Shinzu'I Facial Wash Snow Mushroom 80ml+20ml + Tutup New;30.000;28-Mar-24;JADWAL
27-Feb-24;BUMIMULIA INDAH LESTARI, PT; PON24000487 ;170.000;170.000;PWD.067.043342001;Tube Shinzu'I Facial Wash Snow Mushroom 80ml+20ml + Tutup New;30.000;01-Apr-24;JADWAL
27-Feb-24;BUMIMULIA INDAH LESTARI, PT; PON24000487 ;170.000;170.000;PWD.067.043342001;Tube Shinzu'I Facial Wash Snow Mushroom 80ml+20ml + Tutup New;30.000;04-Apr-24;JADWAL
27-Feb-24;BUMIMULIA INDAH LESTARI, PT; PON24000487 ;170.000;170.000;PWD.067.043342001;Tube Shinzu'I Facial Wash Snow Mushroom 80ml+20ml + Tutup New;24.036;19-Apr-24;JADWAL
27-Feb-24;BUMIMULIA INDAH LESTARI, PT;PON24000854;60.000;60.000;PWD.067.043343000;Tube Shinzu'I Facial Wash Cica 80ml+20ml + Tutup New;30.000;21-Mar-24;JADWAL
27-Feb-24;BUMIMULIA INDAH LESTARI, PT;PON24000854;60.000;60.000;PWD.067.043343000;Tube Shinzu'I Facial Wash Cica 80ml+20ml + Tutup New;30.000;25-Mar-24;JADWAL
